{"metadata":{"usedHelpers":[],"marked":[],"modules":{"imports":[],"exports":{"exported":[],"specifiers":[]}}},"options":{"filename":"/server/friendsList.js","filenameRelative":"/server/friendsList.js","env":{},"retainLines":false,"highlightCode":true,"suppressDeprecationMessages":false,"presets":[],"plugins":[[[],{"polyfill":false}],[[],null],[[],null],[[],null],[[],null],[[],null],[[],null],[[],null],[[],null],[[],null],[[],null],[[],null],[[],null],[[],null],[[],{"loose":true}],[[],{"loose":true}],[[],null],[[],{"loose":true}],[[],null],[[],null],[[],null],[[],null],[[],null],[[],null],[[],null],[[],{"loose":true}],[[],null],[[],null],[[],null],[[],null],[[],null],[[],null],[[],null],[[],null]],"ignore":[],"code":true,"metadata":true,"ast":false,"comments":true,"compact":false,"minified":false,"sourceMap":true,"sourceMaps":true,"sourceMapTarget":"/server/friendsList.js.map","sourceFileName":"/server/friendsList.js","babelrc":false,"sourceType":"module","moduleIds":false,"passPerPreset":false,"basename":"friendsList"},"ignored":false,"code":"// client/friendsList.js\nTemplate.friendsList.helpers({\n    listName: function listName() {\n        return \"나의 친구들 목록\";\n    },\n    list: function list() {\n        return Friends.find({}, { sort: { no: -1 } });\n    }\n});","ast":null,"map":{"version":3,"sources":["/server/friendsList.js"],"names":[],"mappings":";AACA,SAAS,WAAT,CAAqB,OAArB,CAA6B;AACzB,cAAW,oBAAU;AACjB,eAAO,WAAP;AACH,KAHwB;AAIzB,UAAO,gBAAU;AAChB,eAAO,QAAQ,IAAR,CAAa,EAAb,EAAkB,EAAE,MAAO,EAAC,IAAG,CAAC,CAAL,EAAT,EAAlB,CAAP;AACA;AANwB,CAA7B","file":"/server/friendsList.js.map","sourcesContent":["﻿// client/friendsList.js\r\nTemplate.friendsList.helpers({\r\n    listName : function(){\r\n        return \"나의 친구들 목록\";\r\n    },\r\n    list : function(){\r\n    \treturn Friends.find({} , { sort : {no:-1} }); \r\n    }\r\n});"]},"hash":"0580258e023c195c7ac3ee6742627af3d2d0c7b4"}
