{"metadata":{"usedHelpers":[],"marked":[],"modules":{"imports":[],"exports":{"exported":[],"specifiers":[]}}},"options":{"filename":"/lib/friendsList.js","filenameRelative":"/lib/friendsList.js","env":{},"retainLines":false,"highlightCode":true,"suppressDeprecationMessages":false,"presets":[],"plugins":[[[],{"polyfill":false}],[[],null],[[],null],[[],null],[[],null],[[],null],[[],null],[[],null],[[],null],[[],null],[[],null],[[],null],[[],null],[[],null],[[],{"loose":true}],[[],{"loose":true}],[[],null],[[],{"loose":true}],[[],null],[[],null],[[],null],[[],null],[[],null],[[],null],[[],null],[[],{"loose":true}],[[],null],[[],null],[[],null],[[],null],[[],null],[[],null],[[],null],[[],null]],"ignore":[],"code":true,"metadata":true,"ast":false,"comments":true,"compact":false,"minified":false,"sourceMap":true,"sourceMaps":true,"sourceMapTarget":"/lib/friendsList.js.map","sourceFileName":"/lib/friendsList.js","babelrc":false,"sourceType":"module","moduleIds":false,"passPerPreset":false,"basename":"friendsList"},"ignored":false,"code":"// client/friendsList.js\nTemplate.friendsList.helpers({\n    listName: function listName() {\n        return \"나의 친구들 목록\";\n    },\n    list: function list() {\n        var arr = [{ no: 4, name: \"박승현\", email: \"ppillip@gmail.com\" }, { no: 3, name: \"전지현\", email: \"jjh@gmail.com\" }, { no: 1, name: \"김완선\", email: \"kws@gmail.com\" }, { no: 2, name: \"카라\", email: \"kara@gmail.com\" }];\n        arr = _.sortBy(arr, function (obj) {\n            return obj.no;\n        });\n        return arr;\n    }\n});","ast":null,"map":{"version":3,"sources":["/lib/friendsList.js"],"names":[],"mappings":";AACA,SAAS,WAAT,CAAqB,OAArB,CAA6B;AACzB,cAAW,oBAAU;AACjB,eAAO,WAAP;AACH,KAHwB;AAIzB,UAAO,gBAAU;AACb,YAAI,MAAM,CACL,EAAC,IAAG,CAAJ,EAAM,MAAK,KAAX,EAAiB,OAAM,mBAAvB,EADK,EAEL,EAAC,IAAG,CAAJ,EAAM,MAAK,KAAX,EAAiB,OAAM,eAAvB,EAFK,EAGL,EAAC,IAAG,CAAJ,EAAM,MAAK,KAAX,EAAiB,OAAM,eAAvB,EAHK,EAIL,EAAC,IAAG,CAAJ,EAAM,MAAK,IAAX,EAAgB,OAAM,gBAAtB,EAJK,CAAV;AAMA,cAAM,EAAE,MAAF,CAAS,GAAT,EAAa,UAAS,GAAT,EAAa;AAAE,mBAAO,IAAI,EAAX;AAAe,SAA3C,CAAN;AACA,eAAO,GAAP;AACH;AAbwB,CAA7B","file":"/lib/friendsList.js.map","sourcesContent":["﻿// client/friendsList.js\r\nTemplate.friendsList.helpers({\r\n    listName : function(){\r\n        return \"나의 친구들 목록\";\r\n    },\r\n    list : function(){\r\n        var arr = [\r\n             {no:4,name:\"박승현\",email:\"ppillip@gmail.com\"}\r\n            ,{no:3,name:\"전지현\",email:\"jjh@gmail.com\"}\r\n            ,{no:1,name:\"김완선\",email:\"kws@gmail.com\"}\r\n            ,{no:2,name:\"카라\",email:\"kara@gmail.com\"}\r\n        ];\r\n        arr = _.sortBy(arr,function(obj){ return obj.no;});\r\n        return arr;\r\n    }\r\n});"]},"hash":"415e45ac5d07fdc5638590f5a60764da6c1dcaac"}
