{"metadata":{"usedHelpers":[],"marked":[],"modules":{"imports":[{"source":"meteor/templating","imported":["Template"],"specifiers":[{"kind":"named","imported":"Template","local":"Template"}]},{"source":"meteor/reactive-var","imported":["ReactiveVar"],"specifiers":[{"kind":"named","imported":"ReactiveVar","local":"ReactiveVar"}]},{"source":"./main.html","imported":[],"specifiers":[]}],"exports":{"exported":[],"specifiers":[]}}},"options":{"filename":"/client/main.js","filenameRelative":"/client/main.js","env":{},"retainLines":false,"highlightCode":true,"suppressDeprecationMessages":false,"presets":[],"plugins":[[[],{"polyfill":false}],[[],null],[[],null],[[],null],[[],null],[[],null],[[],null],[[],null],[[],null],[[],null],[[],null],[[],null],[[],null],[[],null],[[],null],[[],null],[[],{"loose":true}],[[],{"loose":true}],[[],null],[[],{"loose":true}],[[],null],[[],null],[[],null],[[],null],[[],null],[[],null],[[],null],[[],{"loose":true}],[[],null],[[],null],[[],null],[[],null],[[],null],[[],null],[[],null],[[],null]],"ignore":[],"code":true,"metadata":true,"ast":false,"comments":true,"compact":false,"minified":false,"sourceMap":true,"sourceMaps":true,"sourceMapTarget":"/client/main.js.map","sourceFileName":"/client/main.js","babelrc":false,"sourceType":"module","moduleIds":false,"passPerPreset":false,"basename":"main"},"ignored":false,"code":"var Template;module.import('meteor/templating',{\"Template\":function(v){Template=v}});var ReactiveVar;module.import('meteor/reactive-var',{\"ReactiveVar\":function(v){ReactiveVar=v}});module.import('./main.html');\n\n\n\n\nTemplate.hello.onCreated(function () {\n  function helloOnCreated() {\n    // counter starts at 0\n    this.counter = new ReactiveVar(2);\n  }\n\n  return helloOnCreated;\n}());\n\nTemplate.hello.helpers({\n  counter: function () {\n    function counter() {\n      return Template.instance().counter.get();\n    }\n\n    return counter;\n  }()\n});\n\nTemplate.hello.events({\n  'click button': function () {\n    function clickButton(event, instance) {\n      // increment the counter when button is clicked\n      instance.counter.set(instance.counter.get() + 1);\n    }\n\n    return clickButton;\n  }()\n});","ast":null,"map":{"version":3,"sources":["/client/main.js"],"names":[],"mappings":"AAAA,SAAS,QAAT,QAAyB,mBAAzB;AACA,SAAS,WAAT,QAA4B,qBAA5B;;AAEA,OAAO,aAAP;;AAEA,SAAS,KAAT,CAAe,SAAf;AAAyB,WAAS,cAAT,GAA0B;;AAEjD,SAAK,OAAL,GAAe,IAAI,WAAJ,CAAgB,CAAhB,CAAf;AACD;;AAHD,SAAkC,cAAlC;AAAA;;AAKA,SAAS,KAAT,CAAe,OAAf,CAAuB;AACrB,SADqB;AAAA,uBACX;AACR,aAAO,SAAS,QAAT,GAAoB,OAApB,CAA4B,GAA5B,EAAP;AACD;;AAHoB;AAAA;AAAA,CAAvB;;AAMA,SAAS,KAAT,CAAe,MAAf,CAAsB;AACpB,gBADoB;AAAA,yBACL,KADK,EACE,QADF,EACY;;AAE9B,eAAS,OAAT,CAAiB,GAAjB,CAAqB,SAAS,OAAT,CAAiB,GAAjB,KAAyB,CAA9C;AACD;;AAJmB;AAAA;AAAA,CAAtB","file":"/client/main.js.map","sourcesContent":["import { Template } from 'meteor/templating';\nimport { ReactiveVar } from 'meteor/reactive-var';\n\nimport './main.html';\n\nTemplate.hello.onCreated(function helloOnCreated() {\n  // counter starts at 0\n  this.counter = new ReactiveVar(2);\n});\n\nTemplate.hello.helpers({\n  counter() {\n    return Template.instance().counter.get();\n  },\n});\n\nTemplate.hello.events({\n  'click button'(event, instance) {\n    // increment the counter when button is clicked\n    instance.counter.set(instance.counter.get() + 1);\n  },\n});\n"]},"hash":"731f31829558fa4f00239951a1055c7727a2fdce"}
