{"metadata":{"usedHelpers":[],"marked":[],"modules":{"imports":[],"exports":{"exported":[],"specifiers":[]}}},"options":{"filename":"/server/publish.js","filenameRelative":"/server/publish.js","env":{},"retainLines":false,"highlightCode":true,"suppressDeprecationMessages":false,"presets":[],"plugins":[[[],{"polyfill":false}],[[],null],[[],null],[[],null],[[],null],[[],null],[[],null],[[],null],[[],null],[[],null],[[],null],[[],null],[[],null],[[],null],[[],{"loose":true}],[[],{"loose":true}],[[],null],[[],{"loose":true}],[[],null],[[],null],[[],null],[[],null],[[],null],[[],null],[[],null],[[],{"loose":true}],[[],null],[[],null],[[],null],[[],null],[[],null],[[],null],[[],null],[[],null]],"ignore":[],"code":true,"metadata":true,"ast":false,"comments":true,"compact":false,"minified":false,"sourceMap":true,"sourceMaps":true,"sourceMapTarget":"/server/publish.js.map","sourceFileName":"/server/publish.js","babelrc":false,"sourceType":"module","moduleIds":false,"passPerPreset":false,"basename":"publish"},"ignored":false,"code":"Meteor.publish(\"friendsList\", function (obj) {\n    var condition = obj || {};\n    console.log(condition);\n    return Friends.find(condition);\n});","ast":null,"map":{"version":3,"sources":["/server/publish.js"],"names":[],"mappings":"AAAC,OAAO,OAAP,CAAe,aAAf,EAA8B,UAAS,GAAT,EAAa;AACxC,QAAI,YAAY,OAAO,EAAvB;AACA,YAAQ,GAAR,CAAY,SAAZ;AACA,WAAO,QAAQ,IAAR,CAAa,SAAb,CAAP;AACH,CAJA","file":"/server/publish.js.map","sourcesContent":["﻿Meteor.publish(\"friendsList\", function(obj){\r\n    var condition = obj || {};\r\n    console.log(condition);\r\n    return Friends.find(condition);\r\n});"]},"hash":"8404442274a04bc7222cf54e098a4946d813ab4f"}
