{"metadata":{"usedHelpers":[],"marked":[],"modules":{"imports":[],"exports":{"exported":[],"specifiers":[]}}},"options":{"filename":"/packages/allow-deny/allow-deny-tests.js","filenameRelative":"/packages/allow-deny/allow-deny-tests.js","env":{},"retainLines":false,"highlightCode":true,"suppressDeprecationMessages":false,"presets":[],"plugins":[[[],{"polyfill":false}],[[],null],[[],null],[[],{"allowTopLevelThis":true,"strict":false,"loose":true}],[[],null],[[],null],[[],null],[[],null],[[],null],[[],null],[[],null],[[],null],[[],null],[[],null],[[],null],[[],null],[[],null],[[],{"loose":true}],[[],{"loose":true}],[[],null],[[],{"loose":true}],[[],null],[[],null],[[],null],[[],null],[[],null],[[],null],[[],null],[[],{"loose":true}],[[],null],[[],null],[[],null],[[],null],[[],null],[[],null],[[],null],[[],null]],"ignore":[],"code":true,"metadata":true,"ast":false,"comments":true,"compact":false,"minified":false,"sourceMap":true,"sourceMaps":true,"sourceMapTarget":"/packages/allow-deny/allow-deny-tests.js.map","sourceFileName":"/packages/allow-deny/allow-deny-tests.js","babelrc":false,"sourceType":"module","moduleIds":false,"passPerPreset":false,"basename":"allow-deny-tests"},"ignored":false,"code":"// Currently in 'mongo' package","ast":null,"map":{"version":3,"sources":[],"names":[],"mappings":"","file":"/packages/allow-deny/allow-deny-tests.js.map","sourcesContent":[]},"hash":"9b8a2f31a11d7d46476aee0a1c314941e11222f1"}
