{"metadata":{"usedHelpers":[],"marked":[],"modules":{"imports":[],"exports":{"exported":[],"specifiers":[]}}},"options":{"filename":"/packages/mongo/observe_multiplex.js","filenameRelative":"/packages/mongo/observe_multiplex.js","env":{},"retainLines":false,"highlightCode":true,"suppressDeprecationMessages":false,"presets":[],"plugins":[[[],{"polyfill":false}],[[],{"allowTopLevelThis":true,"strict":false,"loose":true}],[[],null],[[],null],[[],null],[[],null],[[],null],[[],null],[[],null],[[],null],[[],null],[[],null],[[],null],[[],null],[[],null],[[],{"loose":true}],[[],{"loose":true}],[[],null],[[],{"loose":true}],[[],null],[[],null],[[],null],[[],null],[[],null],[[],null],[[],null],[[],{"loose":true}],[[],null],[[],null],[[],null],[[],null],[[],null],[[],null],[[],null],[[],null]],"ignore":[],"code":true,"metadata":true,"ast":false,"comments":true,"compact":false,"minified":false,"sourceMap":true,"sourceMaps":true,"sourceMapTarget":"/packages/mongo/observe_multiplex.js.map","sourceFileName":"/packages/mongo/observe_multiplex.js","babelrc":false,"sourceType":"module","moduleIds":false,"passPerPreset":false,"basename":"observe_multiplex"},"ignored":false,"code":"var Future = Npm.require('fibers/future');\n\nObserveMultiplexer = function ObserveMultiplexer(options) {\n  var self = this;\n\n  if (!options || !_.has(options, 'ordered')) throw Error(\"must specified ordered\");\n\n  Package.facts && Package.facts.Facts.incrementServerFact(\"mongo-livedata\", \"observe-multiplexers\", 1);\n\n  self._ordered = options.ordered;\n  self._onStop = options.onStop || function () {};\n  self._queue = new Meteor._SynchronousQueue();\n  self._handles = {};\n  self._readyFuture = new Future();\n  self._cache = new LocalCollection._CachingChangeObserver({\n    ordered: options.ordered });\n  // Number of addHandleAndSendInitialAdds tasks scheduled but not yet\n  // running. removeHandle uses this to know if it's time to call the onStop\n  // callback.\n  self._addHandleTasksScheduledButNotPerformed = 0;\n\n  _.each(self.callbackNames(), function (callbackName) {\n    self[callbackName] = function () /* ... */{\n      self._applyCallback(callbackName, _.toArray(arguments));\n    };\n  });\n};\n\n_.extend(ObserveMultiplexer.prototype, {\n  addHandleAndSendInitialAdds: function addHandleAndSendInitialAdds(handle) {\n    var self = this;\n\n    // Check this before calling runTask (even though runTask does the same\n    // check) so that we don't leak an ObserveMultiplexer on error by\n    // incrementing _addHandleTasksScheduledButNotPerformed and never\n    // decrementing it.\n    if (!self._queue.safeToRunTask()) throw new Error(\"Can't call observeChanges from an observe callback on the same query\");\n    ++self._addHandleTasksScheduledButNotPerformed;\n\n    Package.facts && Package.facts.Facts.incrementServerFact(\"mongo-livedata\", \"observe-handles\", 1);\n\n    self._queue.runTask(function () {\n      self._handles[handle._id] = handle;\n      // Send out whatever adds we have so far (whether or not we the\n      // multiplexer is ready).\n      self._sendAdds(handle);\n      --self._addHandleTasksScheduledButNotPerformed;\n    });\n    // *outside* the task, since otherwise we'd deadlock\n    self._readyFuture.wait();\n  },\n\n  // Remove an observe handle. If it was the last observe handle, call the\n  // onStop callback; you cannot add any more observe handles after this.\n  //\n  // This is not synchronized with polls and handle additions: this means that\n  // you can safely call it from within an observe callback, but it also means\n  // that we have to be careful when we iterate over _handles.\n  removeHandle: function removeHandle(id) {\n    var self = this;\n\n    // This should not be possible: you can only call removeHandle by having\n    // access to the ObserveHandle, which isn't returned to user code until the\n    // multiplex is ready.\n    if (!self._ready()) throw new Error(\"Can't remove handles until the multiplex is ready\");\n\n    delete self._handles[id];\n\n    Package.facts && Package.facts.Facts.incrementServerFact(\"mongo-livedata\", \"observe-handles\", -1);\n\n    if (_.isEmpty(self._handles) && self._addHandleTasksScheduledButNotPerformed === 0) {\n      self._stop();\n    }\n  },\n  _stop: function _stop(options) {\n    var self = this;\n    options = options || {};\n\n    // It shouldn't be possible for us to stop when all our handles still\n    // haven't been returned from observeChanges!\n    if (!self._ready() && !options.fromQueryError) throw Error(\"surprising _stop: not ready\");\n\n    // Call stop callback (which kills the underlying process which sends us\n    // callbacks and removes us from the connection's dictionary).\n    self._onStop();\n    Package.facts && Package.facts.Facts.incrementServerFact(\"mongo-livedata\", \"observe-multiplexers\", -1);\n\n    // Cause future addHandleAndSendInitialAdds calls to throw (but the onStop\n    // callback should make our connection forget about us).\n    self._handles = null;\n  },\n\n  // Allows all addHandleAndSendInitialAdds calls to return, once all preceding\n  // adds have been processed. Does not block.\n  ready: function ready() {\n    var self = this;\n    self._queue.queueTask(function () {\n      if (self._ready()) throw Error(\"can't make ObserveMultiplex ready twice!\");\n      self._readyFuture['return']();\n    });\n  },\n\n  // If trying to execute the query results in an error, call this. This is\n  // intended for permanent errors, not transient network errors that could be\n  // fixed. It should only be called before ready(), because if you called ready\n  // that meant that you managed to run the query once. It will stop this\n  // ObserveMultiplex and cause addHandleAndSendInitialAdds calls (and thus\n  // observeChanges calls) to throw the error.\n  queryError: function queryError(err) {\n    var self = this;\n    self._queue.runTask(function () {\n      if (self._ready()) throw Error(\"can't claim query has an error after it worked!\");\n      self._stop({ fromQueryError: true });\n      self._readyFuture['throw'](err);\n    });\n  },\n\n  // Calls \"cb\" once the effects of all \"ready\", \"addHandleAndSendInitialAdds\"\n  // and observe callbacks which came before this call have been propagated to\n  // all handles. \"ready\" must have already been called on this multiplexer.\n  onFlush: function onFlush(cb) {\n    var self = this;\n    self._queue.queueTask(function () {\n      if (!self._ready()) throw Error(\"only call onFlush on a multiplexer that will be ready\");\n      cb();\n    });\n  },\n  callbackNames: function callbackNames() {\n    var self = this;\n    if (self._ordered) return [\"addedBefore\", \"changed\", \"movedBefore\", \"removed\"];else return [\"added\", \"changed\", \"removed\"];\n  },\n  _ready: function _ready() {\n    return this._readyFuture.isResolved();\n  },\n  _applyCallback: function _applyCallback(callbackName, args) {\n    var self = this;\n    self._queue.queueTask(function () {\n      // If we stopped in the meantime, do nothing.\n      if (!self._handles) return;\n\n      // First, apply the change to the cache.\n      // XXX We could make applyChange callbacks promise not to hang on to any\n      // state from their arguments (assuming that their supplied callbacks\n      // don't) and skip this clone. Currently 'changed' hangs on to state\n      // though.\n      self._cache.applyChange[callbackName].apply(null, EJSON.clone(args));\n\n      // If we haven't finished the initial adds, then we should only be getting\n      // adds.\n      if (!self._ready() && callbackName !== 'added' && callbackName !== 'addedBefore') {\n        throw new Error(\"Got \" + callbackName + \" during initial adds\");\n      }\n\n      // Now multiplex the callbacks out to all observe handles. It's OK if\n      // these calls yield; since we're inside a task, no other use of our queue\n      // can continue until these are done. (But we do have to be careful to not\n      // use a handle that got removed, because removeHandle does not use the\n      // queue; thus, we iterate over an array of keys that we control.)\n      _.each(_.keys(self._handles), function (handleId) {\n        var handle = self._handles && self._handles[handleId];\n        if (!handle) return;\n        var callback = handle['_' + callbackName];\n        // clone arguments so that callbacks can mutate their arguments\n        callback && callback.apply(null, EJSON.clone(args));\n      });\n    });\n  },\n\n  // Sends initial adds to a handle. It should only be called from within a task\n  // (the task that is processing the addHandleAndSendInitialAdds call). It\n  // synchronously invokes the handle's added or addedBefore; there's no need to\n  // flush the queue afterwards to ensure that the callbacks get out.\n  _sendAdds: function _sendAdds(handle) {\n    var self = this;\n    if (self._queue.safeToRunTask()) throw Error(\"_sendAdds may only be called from within a task!\");\n    var add = self._ordered ? handle._addedBefore : handle._added;\n    if (!add) return;\n    // note: docs may be an _IdMap or an OrderedDict\n    self._cache.docs.forEach(function (doc, id) {\n      if (!_.has(self._handles, handle._id)) throw Error(\"handle got removed before sending initial adds!\");\n      var fields = EJSON.clone(doc);\n      delete fields._id;\n      if (self._ordered) add(id, fields, null); // we're going in order, so add at end\n      else add(id, fields);\n    });\n  }\n});\n\nvar nextObserveHandleId = 1;\nObserveHandle = function ObserveHandle(multiplexer, callbacks) {\n  var self = this;\n  // The end user is only supposed to call stop().  The other fields are\n  // accessible to the multiplexer, though.\n  self._multiplexer = multiplexer;\n  _.each(multiplexer.callbackNames(), function (name) {\n    if (callbacks[name]) {\n      self['_' + name] = callbacks[name];\n    } else if (name === \"addedBefore\" && callbacks.added) {\n      // Special case: if you specify \"added\" and \"movedBefore\", you get an\n      // ordered observe where for some reason you don't get ordering data on\n      // the adds.  I dunno, we wrote tests for it, there must have been a\n      // reason.\n      self._addedBefore = function (id, fields, before) {\n        callbacks.added(id, fields);\n      };\n    }\n  });\n  self._stopped = false;\n  self._id = nextObserveHandleId++;\n};\nObserveHandle.prototype.stop = function () {\n  var self = this;\n  if (self._stopped) return;\n  self._stopped = true;\n  self._multiplexer.removeHandle(self._id);\n};","ast":null,"map":{"version":3,"sources":["/packages/mongo/observe_multiplex.js"],"names":[],"mappings":"AAAA,IAAI,SAAS,IAAI,OAAJ,CAAY,eAAZ,CAAb;;AAEA,qBAAqB,4BAAU,OAAV,EAAmB;AACtC,MAAI,OAAO,IAAX;;AAEA,MAAI,CAAC,OAAD,IAAY,CAAC,EAAE,GAAF,CAAM,OAAN,EAAe,SAAf,CAAjB,EACE,MAAM,MAAM,wBAAN,CAAN;;AAEF,UAAQ,KAAR,IAAiB,QAAQ,KAAR,CAAc,KAAd,CAAoB,mBAApB,CACf,gBADe,EACG,sBADH,EAC2B,CAD3B,CAAjB;;AAGA,OAAK,QAAL,GAAgB,QAAQ,OAAxB;AACA,OAAK,OAAL,GAAe,QAAQ,MAAR,IAAkB,YAAY,CAAE,CAA/C;AACA,OAAK,MAAL,GAAc,IAAI,OAAO,iBAAX,EAAd;AACA,OAAK,QAAL,GAAgB,EAAhB;AACA,OAAK,YAAL,GAAoB,IAAI,MAAJ,EAApB;AACA,OAAK,MAAL,GAAc,IAAI,gBAAgB,sBAApB,CAA2C;AACvD,aAAS,QAAQ,OADsC,EAA3C,CAAd;;;;AAKA,OAAK,uCAAL,GAA+C,CAA/C;;AAEA,IAAE,IAAF,CAAO,KAAK,aAAL,EAAP,EAA6B,UAAU,YAAV,EAAwB;AACnD,SAAK,YAAL,IAAqB,Y,SAAqB;AACxC,WAAK,cAAL,CAAoB,YAApB,EAAkC,EAAE,OAAF,CAAU,SAAV,CAAlC;AACD,KAFD;AAGD,GAJD;AAKD,CA1BD;;AA4BA,EAAE,MAAF,CAAS,mBAAmB,SAA5B,EAAuC;AACrC,+BAA6B,qCAAU,MAAV,EAAkB;AAC7C,QAAI,OAAO,IAAX;;;;;;AAMA,QAAI,CAAC,KAAK,MAAL,CAAY,aAAZ,EAAL,EACE,MAAM,IAAI,KAAJ,CACJ,sEADI,CAAN;AAEF,MAAE,KAAK,uCAAP;;AAEA,YAAQ,KAAR,IAAiB,QAAQ,KAAR,CAAc,KAAd,CAAoB,mBAApB,CACf,gBADe,EACG,iBADH,EACsB,CADtB,CAAjB;;AAGA,SAAK,MAAL,CAAY,OAAZ,CAAoB,YAAY;AAC9B,WAAK,QAAL,CAAc,OAAO,GAArB,IAA4B,MAA5B;;;AAGA,WAAK,SAAL,CAAe,MAAf;AACA,QAAE,KAAK,uCAAP;AACD,KAND;;AAQA,SAAK,YAAL,CAAkB,IAAlB;AACD,GAzBoC;;;;;;;;AAiCrC,gBAAc,sBAAU,EAAV,EAAc;AAC1B,QAAI,OAAO,IAAX;;;;;AAKA,QAAI,CAAC,KAAK,MAAL,EAAL,EACE,MAAM,IAAI,KAAJ,CAAU,mDAAV,CAAN;;AAEF,WAAO,KAAK,QAAL,CAAc,EAAd,CAAP;;AAEA,YAAQ,KAAR,IAAiB,QAAQ,KAAR,CAAc,KAAd,CAAoB,mBAApB,CACf,gBADe,EACG,iBADH,EACsB,CAAC,CADvB,CAAjB;;AAGA,QAAI,EAAE,OAAF,CAAU,KAAK,QAAf,KACA,KAAK,uCAAL,KAAiD,CADrD,EACwD;AACtD,WAAK,KAAL;AACD;AACF,GAnDoC;AAoDrC,SAAO,eAAU,OAAV,EAAmB;AACxB,QAAI,OAAO,IAAX;AACA,cAAU,WAAW,EAArB;;;;AAIA,QAAI,CAAE,KAAK,MAAL,EAAF,IAAmB,CAAE,QAAQ,cAAjC,EACE,MAAM,MAAM,6BAAN,CAAN;;;;AAIF,SAAK,OAAL;AACA,YAAQ,KAAR,IAAiB,QAAQ,KAAR,CAAc,KAAd,CAAoB,mBAApB,CACf,gBADe,EACG,sBADH,EAC2B,CAAC,CAD5B,CAAjB;;;;AAKA,SAAK,QAAL,GAAgB,IAAhB;AACD,GAtEoC;;;;AA0ErC,SAAO,iBAAY;AACjB,QAAI,OAAO,IAAX;AACA,SAAK,MAAL,CAAY,SAAZ,CAAsB,YAAY;AAChC,UAAI,KAAK,MAAL,EAAJ,EACE,MAAM,MAAM,0CAAN,CAAN;AACF,WAAK,YAAL;AACD,KAJD;AAKD,GAjFoC;;;;;;;;AAyFrC,cAAY,oBAAU,GAAV,EAAe;AACzB,QAAI,OAAO,IAAX;AACA,SAAK,MAAL,CAAY,OAAZ,CAAoB,YAAY;AAC9B,UAAI,KAAK,MAAL,EAAJ,EACE,MAAM,MAAM,iDAAN,CAAN;AACF,WAAK,KAAL,CAAW,EAAC,gBAAgB,IAAjB,EAAX;AACA,WAAK,YAAL,UAAwB,GAAxB;AACD,KALD;AAMD,GAjGoC;;;;;AAsGrC,WAAS,iBAAU,EAAV,EAAc;AACrB,QAAI,OAAO,IAAX;AACA,SAAK,MAAL,CAAY,SAAZ,CAAsB,YAAY;AAChC,UAAI,CAAC,KAAK,MAAL,EAAL,EACE,MAAM,MAAM,uDAAN,CAAN;AACF;AACD,KAJD;AAKD,GA7GoC;AA8GrC,iBAAe,yBAAY;AACzB,QAAI,OAAO,IAAX;AACA,QAAI,KAAK,QAAT,EACE,OAAO,CAAC,aAAD,EAAgB,SAAhB,EAA2B,aAA3B,EAA0C,SAA1C,CAAP,CADF,KAGE,OAAO,CAAC,OAAD,EAAU,SAAV,EAAqB,SAArB,CAAP;AACH,GApHoC;AAqHrC,UAAQ,kBAAY;AAClB,WAAO,KAAK,YAAL,CAAkB,UAAlB,EAAP;AACD,GAvHoC;AAwHrC,kBAAgB,wBAAU,YAAV,EAAwB,IAAxB,EAA8B;AAC5C,QAAI,OAAO,IAAX;AACA,SAAK,MAAL,CAAY,SAAZ,CAAsB,YAAY;;AAEhC,UAAI,CAAC,KAAK,QAAV,EACE;;;;;;;AAOF,WAAK,MAAL,CAAY,WAAZ,CAAwB,YAAxB,EAAsC,KAAtC,CAA4C,IAA5C,EAAkD,MAAM,KAAN,CAAY,IAAZ,CAAlD;;;;AAIA,UAAI,CAAC,KAAK,MAAL,EAAD,IACC,iBAAiB,OAAjB,IAA4B,iBAAiB,aADlD,EACkE;AAChE,cAAM,IAAI,KAAJ,CAAU,SAAS,YAAT,GAAwB,sBAAlC,CAAN;AACD;;;;;;;AAOD,QAAE,IAAF,CAAO,EAAE,IAAF,CAAO,KAAK,QAAZ,CAAP,EAA8B,UAAU,QAAV,EAAoB;AAChD,YAAI,SAAS,KAAK,QAAL,IAAiB,KAAK,QAAL,CAAc,QAAd,CAA9B;AACA,YAAI,CAAC,MAAL,EACE;AACF,YAAI,WAAW,OAAO,MAAM,YAAb,CAAf;;AAEA,oBAAY,SAAS,KAAT,CAAe,IAAf,EAAqB,MAAM,KAAN,CAAY,IAAZ,CAArB,CAAZ;AACD,OAPD;AAQD,KAhCD;AAiCD,GA3JoC;;;;;;AAiKrC,aAAW,mBAAU,MAAV,EAAkB;AAC3B,QAAI,OAAO,IAAX;AACA,QAAI,KAAK,MAAL,CAAY,aAAZ,EAAJ,EACE,MAAM,MAAM,kDAAN,CAAN;AACF,QAAI,MAAM,KAAK,QAAL,GAAgB,OAAO,YAAvB,GAAsC,OAAO,MAAvD;AACA,QAAI,CAAC,GAAL,EACE;;AAEF,SAAK,MAAL,CAAY,IAAZ,CAAiB,OAAjB,CAAyB,UAAU,GAAV,EAAe,EAAf,EAAmB;AAC1C,UAAI,CAAC,EAAE,GAAF,CAAM,KAAK,QAAX,EAAqB,OAAO,GAA5B,CAAL,EACE,MAAM,MAAM,iDAAN,CAAN;AACF,UAAI,SAAS,MAAM,KAAN,CAAY,GAAZ,CAAb;AACA,aAAO,OAAO,GAAd;AACA,UAAI,KAAK,QAAT,EACE,IAAI,EAAJ,EAAQ,MAAR,EAAgB,IAAhB,E;AADF,WAGE,IAAI,EAAJ,EAAQ,MAAR;AACH,KATD;AAUD;AAnLoC,CAAvC;;AAuLA,IAAI,sBAAsB,CAA1B;AACA,gBAAgB,uBAAU,WAAV,EAAuB,SAAvB,EAAkC;AAChD,MAAI,OAAO,IAAX;;;AAGA,OAAK,YAAL,GAAoB,WAApB;AACA,IAAE,IAAF,CAAO,YAAY,aAAZ,EAAP,EAAoC,UAAU,IAAV,EAAgB;AAClD,QAAI,UAAU,IAAV,CAAJ,EAAqB;AACnB,WAAK,MAAM,IAAX,IAAmB,UAAU,IAAV,CAAnB;AACD,KAFD,MAEO,IAAI,SAAS,aAAT,IAA0B,UAAU,KAAxC,EAA+C;;;;;AAKpD,WAAK,YAAL,GAAoB,UAAU,EAAV,EAAc,MAAd,EAAsB,MAAtB,EAA8B;AAChD,kBAAU,KAAV,CAAgB,EAAhB,EAAoB,MAApB;AACD,OAFD;AAGD;AACF,GAZD;AAaA,OAAK,QAAL,GAAgB,KAAhB;AACA,OAAK,GAAL,GAAW,qBAAX;AACD,CApBD;AAqBA,cAAc,SAAd,CAAwB,IAAxB,GAA+B,YAAY;AACzC,MAAI,OAAO,IAAX;AACA,MAAI,KAAK,QAAT,EACE;AACF,OAAK,QAAL,GAAgB,IAAhB;AACA,OAAK,YAAL,CAAkB,YAAlB,CAA+B,KAAK,GAApC;AACD,CAND","file":"/packages/mongo/observe_multiplex.js.map","sourcesContent":["var Future = Npm.require('fibers/future');\n\nObserveMultiplexer = function (options) {\n  var self = this;\n\n  if (!options || !_.has(options, 'ordered'))\n    throw Error(\"must specified ordered\");\n\n  Package.facts && Package.facts.Facts.incrementServerFact(\n    \"mongo-livedata\", \"observe-multiplexers\", 1);\n\n  self._ordered = options.ordered;\n  self._onStop = options.onStop || function () {};\n  self._queue = new Meteor._SynchronousQueue();\n  self._handles = {};\n  self._readyFuture = new Future;\n  self._cache = new LocalCollection._CachingChangeObserver({\n    ordered: options.ordered});\n  // Number of addHandleAndSendInitialAdds tasks scheduled but not yet\n  // running. removeHandle uses this to know if it's time to call the onStop\n  // callback.\n  self._addHandleTasksScheduledButNotPerformed = 0;\n\n  _.each(self.callbackNames(), function (callbackName) {\n    self[callbackName] = function (/* ... */) {\n      self._applyCallback(callbackName, _.toArray(arguments));\n    };\n  });\n};\n\n_.extend(ObserveMultiplexer.prototype, {\n  addHandleAndSendInitialAdds: function (handle) {\n    var self = this;\n\n    // Check this before calling runTask (even though runTask does the same\n    // check) so that we don't leak an ObserveMultiplexer on error by\n    // incrementing _addHandleTasksScheduledButNotPerformed and never\n    // decrementing it.\n    if (!self._queue.safeToRunTask())\n      throw new Error(\n        \"Can't call observeChanges from an observe callback on the same query\");\n    ++self._addHandleTasksScheduledButNotPerformed;\n\n    Package.facts && Package.facts.Facts.incrementServerFact(\n      \"mongo-livedata\", \"observe-handles\", 1);\n\n    self._queue.runTask(function () {\n      self._handles[handle._id] = handle;\n      // Send out whatever adds we have so far (whether or not we the\n      // multiplexer is ready).\n      self._sendAdds(handle);\n      --self._addHandleTasksScheduledButNotPerformed;\n    });\n    // *outside* the task, since otherwise we'd deadlock\n    self._readyFuture.wait();\n  },\n\n  // Remove an observe handle. If it was the last observe handle, call the\n  // onStop callback; you cannot add any more observe handles after this.\n  //\n  // This is not synchronized with polls and handle additions: this means that\n  // you can safely call it from within an observe callback, but it also means\n  // that we have to be careful when we iterate over _handles.\n  removeHandle: function (id) {\n    var self = this;\n\n    // This should not be possible: you can only call removeHandle by having\n    // access to the ObserveHandle, which isn't returned to user code until the\n    // multiplex is ready.\n    if (!self._ready())\n      throw new Error(\"Can't remove handles until the multiplex is ready\");\n\n    delete self._handles[id];\n\n    Package.facts && Package.facts.Facts.incrementServerFact(\n      \"mongo-livedata\", \"observe-handles\", -1);\n\n    if (_.isEmpty(self._handles) &&\n        self._addHandleTasksScheduledButNotPerformed === 0) {\n      self._stop();\n    }\n  },\n  _stop: function (options) {\n    var self = this;\n    options = options || {};\n\n    // It shouldn't be possible for us to stop when all our handles still\n    // haven't been returned from observeChanges!\n    if (! self._ready() && ! options.fromQueryError)\n      throw Error(\"surprising _stop: not ready\");\n\n    // Call stop callback (which kills the underlying process which sends us\n    // callbacks and removes us from the connection's dictionary).\n    self._onStop();\n    Package.facts && Package.facts.Facts.incrementServerFact(\n      \"mongo-livedata\", \"observe-multiplexers\", -1);\n\n    // Cause future addHandleAndSendInitialAdds calls to throw (but the onStop\n    // callback should make our connection forget about us).\n    self._handles = null;\n  },\n\n  // Allows all addHandleAndSendInitialAdds calls to return, once all preceding\n  // adds have been processed. Does not block.\n  ready: function () {\n    var self = this;\n    self._queue.queueTask(function () {\n      if (self._ready())\n        throw Error(\"can't make ObserveMultiplex ready twice!\");\n      self._readyFuture.return();\n    });\n  },\n\n  // If trying to execute the query results in an error, call this. This is\n  // intended for permanent errors, not transient network errors that could be\n  // fixed. It should only be called before ready(), because if you called ready\n  // that meant that you managed to run the query once. It will stop this\n  // ObserveMultiplex and cause addHandleAndSendInitialAdds calls (and thus\n  // observeChanges calls) to throw the error.\n  queryError: function (err) {\n    var self = this;\n    self._queue.runTask(function () {\n      if (self._ready())\n        throw Error(\"can't claim query has an error after it worked!\");\n      self._stop({fromQueryError: true});\n      self._readyFuture.throw(err);\n    });\n  },\n\n  // Calls \"cb\" once the effects of all \"ready\", \"addHandleAndSendInitialAdds\"\n  // and observe callbacks which came before this call have been propagated to\n  // all handles. \"ready\" must have already been called on this multiplexer.\n  onFlush: function (cb) {\n    var self = this;\n    self._queue.queueTask(function () {\n      if (!self._ready())\n        throw Error(\"only call onFlush on a multiplexer that will be ready\");\n      cb();\n    });\n  },\n  callbackNames: function () {\n    var self = this;\n    if (self._ordered)\n      return [\"addedBefore\", \"changed\", \"movedBefore\", \"removed\"];\n    else\n      return [\"added\", \"changed\", \"removed\"];\n  },\n  _ready: function () {\n    return this._readyFuture.isResolved();\n  },\n  _applyCallback: function (callbackName, args) {\n    var self = this;\n    self._queue.queueTask(function () {\n      // If we stopped in the meantime, do nothing.\n      if (!self._handles)\n        return;\n\n      // First, apply the change to the cache.\n      // XXX We could make applyChange callbacks promise not to hang on to any\n      // state from their arguments (assuming that their supplied callbacks\n      // don't) and skip this clone. Currently 'changed' hangs on to state\n      // though.\n      self._cache.applyChange[callbackName].apply(null, EJSON.clone(args));\n\n      // If we haven't finished the initial adds, then we should only be getting\n      // adds.\n      if (!self._ready() &&\n          (callbackName !== 'added' && callbackName !== 'addedBefore')) {\n        throw new Error(\"Got \" + callbackName + \" during initial adds\");\n      }\n\n      // Now multiplex the callbacks out to all observe handles. It's OK if\n      // these calls yield; since we're inside a task, no other use of our queue\n      // can continue until these are done. (But we do have to be careful to not\n      // use a handle that got removed, because removeHandle does not use the\n      // queue; thus, we iterate over an array of keys that we control.)\n      _.each(_.keys(self._handles), function (handleId) {\n        var handle = self._handles && self._handles[handleId];\n        if (!handle)\n          return;\n        var callback = handle['_' + callbackName];\n        // clone arguments so that callbacks can mutate their arguments\n        callback && callback.apply(null, EJSON.clone(args));\n      });\n    });\n  },\n\n  // Sends initial adds to a handle. It should only be called from within a task\n  // (the task that is processing the addHandleAndSendInitialAdds call). It\n  // synchronously invokes the handle's added or addedBefore; there's no need to\n  // flush the queue afterwards to ensure that the callbacks get out.\n  _sendAdds: function (handle) {\n    var self = this;\n    if (self._queue.safeToRunTask())\n      throw Error(\"_sendAdds may only be called from within a task!\");\n    var add = self._ordered ? handle._addedBefore : handle._added;\n    if (!add)\n      return;\n    // note: docs may be an _IdMap or an OrderedDict\n    self._cache.docs.forEach(function (doc, id) {\n      if (!_.has(self._handles, handle._id))\n        throw Error(\"handle got removed before sending initial adds!\");\n      var fields = EJSON.clone(doc);\n      delete fields._id;\n      if (self._ordered)\n        add(id, fields, null); // we're going in order, so add at end\n      else\n        add(id, fields);\n    });\n  }\n});\n\n\nvar nextObserveHandleId = 1;\nObserveHandle = function (multiplexer, callbacks) {\n  var self = this;\n  // The end user is only supposed to call stop().  The other fields are\n  // accessible to the multiplexer, though.\n  self._multiplexer = multiplexer;\n  _.each(multiplexer.callbackNames(), function (name) {\n    if (callbacks[name]) {\n      self['_' + name] = callbacks[name];\n    } else if (name === \"addedBefore\" && callbacks.added) {\n      // Special case: if you specify \"added\" and \"movedBefore\", you get an\n      // ordered observe where for some reason you don't get ordering data on\n      // the adds.  I dunno, we wrote tests for it, there must have been a\n      // reason.\n      self._addedBefore = function (id, fields, before) {\n        callbacks.added(id, fields);\n      };\n    }\n  });\n  self._stopped = false;\n  self._id = nextObserveHandleId++;\n};\nObserveHandle.prototype.stop = function () {\n  var self = this;\n  if (self._stopped)\n    return;\n  self._stopped = true;\n  self._multiplexer.removeHandle(self._id);\n};\n"]},"hash":"a4764113ec8171a2d4cc40bdadc0209fcfb656e6"}
