{"metadata":{"usedHelpers":[],"marked":[],"modules":{"imports":[],"exports":{"exported":[],"specifiers":[]}}},"options":{"filename":"/client/friendsList.js","filenameRelative":"/client/friendsList.js","env":{},"retainLines":false,"highlightCode":true,"suppressDeprecationMessages":false,"presets":[],"plugins":[[[],{"polyfill":false}],[[],null],[[],null],[[],null],[[],null],[[],null],[[],null],[[],null],[[],null],[[],null],[[],null],[[],null],[[],null],[[],null],[[],null],[[],null],[[],{"loose":true}],[[],{"loose":true}],[[],null],[[],{"loose":true}],[[],null],[[],null],[[],null],[[],null],[[],null],[[],null],[[],null],[[],{"loose":true}],[[],null],[[],null],[[],null],[[],null],[[],null],[[],null],[[],null],[[],null]],"ignore":[],"code":true,"metadata":true,"ast":false,"comments":true,"compact":false,"minified":false,"sourceMap":true,"sourceMaps":true,"sourceMapTarget":"/client/friendsList.js.map","sourceFileName":"/client/friendsList.js","babelrc":false,"sourceType":"module","moduleIds":false,"passPerPreset":false,"basename":"friendsList"},"ignored":false,"code":"// client/friendsList.js\nTemplate.friendsList.helpers({\n    listName: function () {\n        function listName() {\n            return \"나의 친구들 목록\";\n        }\n\n        return listName;\n    }(),\n    list: function () {\n        function list() {\n            return Friends.find({}, { sort: { no: -1 } });\n        }\n\n        return list;\n    }()\n});\n\nTemplate.friendsList.onCreated(function () {\n    this.subscribe(\"friendsList\", {});\n});","ast":null,"map":{"version":3,"sources":["/client/friendsList.js"],"names":[],"mappings":";AACA,SAAS,WAAT,CAAqB,OAArB,CAA6B;AACzB;AAAW,4BAAU;AACjB,mBAAO,WAAP;AACH;;AAFD;AAAA,OADyB;AAIzB;AAAO,wBAAU;AAChB,mBAAO,QAAQ,IAAR,CAAa,EAAb,EAAkB,EAAE,MAAO,EAAC,IAAG,CAAC,CAAL,EAAT,EAAlB,CAAP;AACA;;AAFD;AAAA;AAJyB,CAA7B;;AASA,SAAS,WAAT,CAAqB,SAArB,CAA+B,YAAY;AACvC,SAAK,SAAL,CAAe,aAAf,EAA6B,EAA7B;AACH,CAFD","file":"/client/friendsList.js.map","sourcesContent":["﻿// client/friendsList.js\r\nTemplate.friendsList.helpers({\r\n    listName : function(){\r\n        return \"나의 친구들 목록\";\r\n    },\r\n    list : function(){\r\n    \treturn Friends.find({} , { sort : {no:-1} }); \r\n    }\r\n});\r\n\r\nTemplate.friendsList.onCreated(function () {\r\n    this.subscribe(\"friendsList\",{});\r\n});"]},"hash":"b35711cd3244319e8fc7ae8262b080defba27dc2"}
