{"metadata":{"usedHelpers":[],"marked":[],"modules":{"imports":[],"exports":{"exported":[],"specifiers":[]}}},"options":{"filename":"/client/friendsListItem.js","filenameRelative":"/client/friendsListItem.js","env":{},"retainLines":false,"highlightCode":true,"suppressDeprecationMessages":false,"presets":[],"plugins":[[[],{"polyfill":false}],[[],null],[[],null],[[],null],[[],null],[[],null],[[],null],[[],null],[[],null],[[],null],[[],null],[[],null],[[],null],[[],null],[[],null],[[],null],[[],{"loose":true}],[[],{"loose":true}],[[],null],[[],{"loose":true}],[[],null],[[],null],[[],null],[[],null],[[],null],[[],null],[[],null],[[],{"loose":true}],[[],null],[[],null],[[],null],[[],null],[[],null],[[],null],[[],null],[[],null]],"ignore":[],"code":true,"metadata":true,"ast":false,"comments":true,"compact":false,"minified":false,"sourceMap":true,"sourceMaps":true,"sourceMapTarget":"/client/friendsListItem.js.map","sourceFileName":"/client/friendsListItem.js","babelrc":false,"sourceType":"module","moduleIds":false,"passPerPreset":false,"basename":"friendsListItem"},"ignored":false,"code":"// client/friendsListItem.js\nTemplate.friendsListItem.events({\n    \"click button[name=remove]\": function () {\n        function clickButtonNameRemove(evt, tmpl) {\n\n            console.log(this);\n        }\n\n        return clickButtonNameRemove;\n    }()\n});","ast":null,"map":{"version":3,"sources":["/client/friendsListItem.js"],"names":[],"mappings":";AACA,SAAS,eAAT,CAAyB,MAAzB,CAAgC;AAC5B;AAA8B,uCAAS,GAAT,EAAe,IAAf,EAAoB;;AAE9C,oBAAQ,GAAR,CAAY,IAAZ;AAEH;;AAJD;AAAA;AAD4B,CAAhC","file":"/client/friendsListItem.js.map","sourcesContent":["﻿// client/friendsListItem.js\r\nTemplate.friendsListItem.events({\r\n    \"click button[name=remove]\" : function(evt , tmpl){\r\n\r\n        console.log(this);\r\n\r\n    }\r\n});"]},"hash":"db2294a376df5b44c111302f64bc7159dd5cecc7"}
