{"metadata":{"usedHelpers":[],"marked":[],"modules":{"imports":[],"exports":{"exported":[],"specifiers":[]}}},"options":{"filename":"/lib/friendsList.js","filenameRelative":"/lib/friendsList.js","env":{},"retainLines":false,"highlightCode":true,"suppressDeprecationMessages":false,"presets":[],"plugins":[[[],{"polyfill":false}],[[],null],[[],null],[[],null],[[],null],[[],null],[[],null],[[],null],[[],null],[[],null],[[],null],[[],null],[[],null],[[],null],[[],null],[[],null],[[],{"loose":true}],[[],{"loose":true}],[[],null],[[],{"loose":true}],[[],null],[[],null],[[],null],[[],null],[[],null],[[],null],[[],null],[[],{"loose":true}],[[],null],[[],null],[[],null],[[],null],[[],null],[[],null],[[],null],[[],null]],"ignore":[],"code":true,"metadata":true,"ast":false,"comments":true,"compact":false,"minified":false,"sourceMap":true,"sourceMaps":true,"sourceMapTarget":"/lib/friendsList.js.map","sourceFileName":"/lib/friendsList.js","babelrc":false,"sourceType":"module","moduleIds":false,"passPerPreset":false,"basename":"friendsList"},"ignored":false,"code":"// client/friendsList.js\nTemplate.friendsList.helpers({\n    listName: function () {\n        function listName() {\n            return \"나의 친구들 목록\";\n        }\n\n        return listName;\n    }(),\n    list: function () {\n        function list() {\n            var arr = [{ no: 4, name: \"박승현\", email: \"ppillip@gmail.com\" }, { no: 3, name: \"전지현\", email: \"jjh@gmail.com\" }, { no: 1, name: \"김완선\", email: \"kws@gmail.com\" }, { no: 2, name: \"카라\", email: \"kara@gmail.com\" }];\n            arr = _.sortBy(arr, function (obj) {\n                return obj.no;\n            });\n            return arr;\n        }\n\n        return list;\n    }()\n});","ast":null,"map":{"version":3,"sources":["/lib/friendsList.js"],"names":[],"mappings":";AACA,SAAS,WAAT,CAAqB,OAArB,CAA6B;AACzB;AAAW,4BAAU;AACjB,mBAAO,WAAP;AACH;;AAFD;AAAA,OADyB;AAIzB;AAAO,wBAAU;AACb,gBAAI,MAAM,CACL,EAAC,IAAG,CAAJ,EAAM,MAAK,KAAX,EAAiB,OAAM,mBAAvB,EADK,EAEL,EAAC,IAAG,CAAJ,EAAM,MAAK,KAAX,EAAiB,OAAM,eAAvB,EAFK,EAGL,EAAC,IAAG,CAAJ,EAAM,MAAK,KAAX,EAAiB,OAAM,eAAvB,EAHK,EAIL,EAAC,IAAG,CAAJ,EAAM,MAAK,IAAX,EAAgB,OAAM,gBAAtB,EAJK,CAAV;AAMA,kBAAM,EAAE,MAAF,CAAS,GAAT,EAAa,UAAS,GAAT,EAAa;AAAE,uBAAO,IAAI,EAAX;AAAe,aAA3C,CAAN;AACA,mBAAO,GAAP;AACH;;AATD;AAAA;AAJyB,CAA7B","file":"/lib/friendsList.js.map","sourcesContent":["﻿// client/friendsList.js\r\nTemplate.friendsList.helpers({\r\n    listName : function(){\r\n        return \"나의 친구들 목록\";\r\n    },\r\n    list : function(){\r\n        var arr = [\r\n             {no:4,name:\"박승현\",email:\"ppillip@gmail.com\"}\r\n            ,{no:3,name:\"전지현\",email:\"jjh@gmail.com\"}\r\n            ,{no:1,name:\"김완선\",email:\"kws@gmail.com\"}\r\n            ,{no:2,name:\"카라\",email:\"kara@gmail.com\"}\r\n        ];\r\n        arr = _.sortBy(arr,function(obj){ return obj.no;});\r\n        return arr;\r\n    }\r\n});"]},"hash":"dc5753420233f942555dceaf309dc6f412b5c20e"}
