{"metadata":{"usedHelpers":[],"marked":[],"modules":{"imports":[],"exports":{"exported":[],"specifiers":[]}}},"options":{"filename":"/lib/collection.js","filenameRelative":"/lib/collection.js","env":{},"retainLines":false,"highlightCode":true,"suppressDeprecationMessages":false,"presets":[],"plugins":[[[],{"polyfill":false}],[[],null],[[],null],[[],null],[[],null],[[],null],[[],null],[[],null],[[],null],[[],null],[[],null],[[],null],[[],null],[[],null],[[],{"loose":true}],[[],{"loose":true}],[[],null],[[],{"loose":true}],[[],null],[[],null],[[],null],[[],null],[[],null],[[],null],[[],null],[[],{"loose":true}],[[],null],[[],null],[[],null],[[],null],[[],null],[[],null],[[],null],[[],null]],"ignore":[],"code":true,"metadata":true,"ast":false,"comments":true,"compact":false,"minified":false,"sourceMap":true,"sourceMaps":true,"sourceMapTarget":"/lib/collection.js.map","sourceFileName":"/lib/collection.js","babelrc":false,"sourceType":"module","moduleIds":false,"passPerPreset":false,"basename":"collection"},"ignored":false,"code":"// lib/collections.js\nFriends = new Mongo.Collection(\"friends\");\nif (Meteor.isServer) {\n    /* 서버에서만 구동 되게함 */\n    /*미티어가 구동시 최초 한번 실행함*/\n    Meteor.startup(function () {\n        if (Friends.find().count() == 0) {\n            Friends.insert({ no: 1, name: \"김완선\", email: \"kws@gmail.com\" });\n            Friends.insert({ no: 2, name: \"카라\", email: \"kara@gmail.com\" });\n            Friends.insert({ no: 3, name: \"전지현\", email: \"jjh@gmail.com\" });\n            Friends.insert({ no: 4, name: \"박승현\", email: \"ppillip@gmail.com\" });\n        }\n    });\n}","ast":null,"map":{"version":3,"sources":["/lib/collection.js"],"names":[],"mappings":";AACA,UAAU,IAAI,MAAM,UAAV,CAAqB,SAArB,CAAV;AACA,IAAG,OAAO,QAAV,EAAmB;;;AAEf,WAAO,OAAP,CAAe,YAAU;AACrB,YAAI,QAAQ,IAAR,GAAe,KAAf,MAA0B,CAA9B,EAAkC;AAC9B,oBAAQ,MAAR,CAAe,EAAC,IAAI,CAAL,EAAQ,MAAM,KAAd,EAAqB,OAAO,eAA5B,EAAf;AACA,oBAAQ,MAAR,CAAe,EAAC,IAAI,CAAL,EAAQ,MAAM,IAAd,EAAoB,OAAO,gBAA3B,EAAf;AACA,oBAAQ,MAAR,CAAe,EAAC,IAAI,CAAL,EAAQ,MAAM,KAAd,EAAqB,OAAO,eAA5B,EAAf;AACA,oBAAQ,MAAR,CAAe,EAAC,IAAI,CAAL,EAAQ,MAAM,KAAd,EAAqB,OAAO,mBAA5B,EAAf;AACH;AACJ,KAPD;AAQH","file":"/lib/collection.js.map","sourcesContent":["﻿// lib/collections.js\r\nFriends = new Mongo.Collection(\"friends\");\r\nif(Meteor.isServer){ /* 서버에서만 구동 되게함 */\r\n    /*미티어가 구동시 최초 한번 실행함*/\r\n    Meteor.startup(function(){\r\n        if( Friends.find().count() == 0 ) {\r\n            Friends.insert({no: 1, name: \"김완선\", email: \"kws@gmail.com\"});\r\n            Friends.insert({no: 2, name: \"카라\", email: \"kara@gmail.com\"});\r\n            Friends.insert({no: 3, name: \"전지현\", email: \"jjh@gmail.com\"});\r\n            Friends.insert({no: 4, name: \"박승현\", email: \"ppillip@gmail.com\"});\r\n        }\r\n    });\r\n}"]},"hash":"e053ae2be71aa0e494531939f52839a6c2d0e226"}
