{"metadata":{"usedHelpers":[],"marked":[],"modules":{"imports":[],"exports":{"exported":[],"specifiers":[]}}},"options":{"filename":"/packages/ecmascript/ecmascript.js","filenameRelative":"/packages/ecmascript/ecmascript.js","env":{},"retainLines":false,"highlightCode":true,"suppressDeprecationMessages":false,"presets":[],"plugins":[[[],{"polyfill":false}],[[],{"allowTopLevelThis":true,"strict":false,"loose":true}],[[],null],[[],null],[[],null],[[],null],[[],null],[[],null],[[],null],[[],null],[[],null],[[],null],[[],null],[[],null],[[],null],[[],{"loose":true}],[[],{"loose":true}],[[],null],[[],{"loose":true}],[[],null],[[],null],[[],null],[[],null],[[],null],[[],null],[[],null],[[],{"loose":true}],[[],null],[[],null],[[],null],[[],null],[[],null],[[],null],[[],null],[[],null]],"ignore":[],"code":true,"metadata":true,"ast":false,"comments":true,"compact":false,"minified":false,"sourceMap":true,"sourceMaps":true,"sourceMapTarget":"/packages/ecmascript/ecmascript.js.map","sourceFileName":"/packages/ecmascript/ecmascript.js","babelrc":false,"sourceType":"module","moduleIds":false,"passPerPreset":false,"basename":"ecmascript"},"ignored":false,"code":"ECMAScript = {\n  compileForShell: function compileForShell(command) {\n    var babelOptions = Babel.getDefaultOptions();\n    babelOptions.sourceMap = false;\n    babelOptions.ast = false;\n    return Babel.compile(command, babelOptions).code;\n  }\n};","ast":null,"map":{"version":3,"sources":["/packages/ecmascript/ecmascript.js"],"names":[],"mappings":"AAAA,aAAa;AACX,iBADW,2BACK,OADL,EACc;AACvB,QAAM,eAAe,MAAM,iBAAN,EAArB;AACA,iBAAa,SAAb,GAAyB,KAAzB;AACA,iBAAa,GAAb,GAAmB,KAAnB;AACA,WAAO,MAAM,OAAN,CAAc,OAAd,EAAuB,YAAvB,EAAqC,IAA5C;AACD;AANU,CAAb","file":"/packages/ecmascript/ecmascript.js.map","sourcesContent":["ECMAScript = {\n  compileForShell(command) {\n    const babelOptions = Babel.getDefaultOptions();\n    babelOptions.sourceMap = false;\n    babelOptions.ast = false;\n    return Babel.compile(command, babelOptions).code;\n  }\n};\n"]},"hash":"f45a9a886fbea6f783a640206d75f2e17359b3a2"}
