{"files":{"chimes-29587febd995cdd099fcb2a3a888f0d3.wav":{"logical_path":"chimes.wav","mtime":"2009-06-11T06:22:40+09:00","size":216364,"digest":"29587febd995cdd099fcb2a3a888f0d3"},"desktop-3c57fbf7ddab44ab42ceb3c723e4c36e.ini":{"logical_path":"desktop.ini","mtime":"2011-01-25T15:13:50+09:00","size":68,"digest":"3c57fbf7ddab44ab42ceb3c723e4c36e"},"fav-icon-91e6ea59f2dd4774bccce741269d5c32.png":{"logical_path":"fav-icon.png","mtime":"2011-01-25T21:23:50+09:00","size":756,"digest":"91e6ea59f2dd4774bccce741269d5c32"},"favicon-f25e19e103e8db47bb74fefd2dc2bdf1.ico":{"logical_path":"favicon.ico","mtime":"2006-11-06T00:00:00+09:00","size":2238,"digest":"f25e19e103e8db47bb74fefd2dc2bdf1"},"application-89263912e8385765bd57cd2fa026dd0e.js":{"logical_path":"application.js","mtime":"2013-10-30T15:37:30+09:00","size":289703,"digest":"89263912e8385765bd57cd2fa026dd0e"},"application-12b3c7dd74d2e9df37e7cbb1efa76a6d.css":{"logical_path":"application.css","mtime":"2013-09-25T15:00:48+09:00","size":1560,"digest":"12b3c7dd74d2e9df37e7cbb1efa76a6d"}},"assets":{"chimes.wav":"chimes-29587febd995cdd099fcb2a3a888f0d3.wav","desktop.ini":"desktop-3c57fbf7ddab44ab42ceb3c723e4c36e.ini","fav-icon.png":"fav-icon-91e6ea59f2dd4774bccce741269d5c32.png","favicon.ico":"favicon-f25e19e103e8db47bb74fefd2dc2bdf1.ico","application.js":"application-89263912e8385765bd57cd2fa026dd0e.js","application.css":"application-12b3c7dd74d2e9df37e7cbb1efa76a6d.css"}}