[
  {
    "code": "AMS",
    "city": "Amsterdam",
    "country": "NL"
  },
  {
    "code": "AYT",
    "city": "Antalya",
    "country": "TR"
  },
  {
    "code": "ATH",
    "city": "Athens",
    "country": "GR"
  },
  {
    "code": "ATL",
    "city": "Atlanta GA",
    "country": "US"
  },
  {
    "code": "AKL",
    "city": "Auckland",
    "country": "NZ"
  },
  {
    "code": "AUS",
    "city": "Austin",
    "country": "US"
  },
  {
    "code": "BWI",
    "city": "Baltimore MD",
    "country": "US"
  },
  {
    "code": "BKK",
    "city": "Bangkok",
    "country": "TH"
  },
  {
    "code": "BCN",
    "city": "Barcelona",
    "country": "ES"
  },
  {
    "code": "PEK",
    "city": "Beijing",
    "country": "CN"
  },
  {
    "code": "TXL",
    "city": "Berlin",
    "country": "DE"
  },
  {
    "code": "BOG",
    "city": "Bogota",
    "country": "CO"
  },
  {
    "code": "BOS",
    "city": "Boston MA",
    "country": "US"
  },
  {
    "code": "BSB",
    "city": "Brasilia",
    "country": "BR"
  },
  {
    "code": "BNE",
    "city": "Brisbane",
    "country": "AU"
  },
  {
    "code": "BRU",
    "city": "Brussels",
    "country": "BE"
  },
  {
    "code": "CUN",
    "city": "Cancún",
    "country": "MX"
  },
  {
    "code": "CLT",
    "city": "Charlotte NC",
    "country": "US"
  },
  {
    "code": "CTU",
    "city": "Chengdu",
    "country": "CN"
  },
  {
    "code": "MDW",
    "city": "Chicago IL",
    "country": "US"
  },
  {
    "code": "ORD",
    "city": "Chicago IL",
    "country": "US"
  },
  {
    "code": "CLE",
    "city": "Cleveland",
    "country": "US"
  },
  {
    "code": "CPH",
    "city": "Copenhagen",
    "country": "DK"
  },
  {
    "code": "DFW",
    "city": "Dallas/Fort Worth TX",
    "country": "US"
  },
  {
    "code": "DEN",
    "city": "Denver CO",
    "country": "US"
  },
  {
    "code": "DTW",
    "city": "Detroit MI",
    "country": "US"
  },
  {
    "code": "DOH",
    "city": "Doha",
    "country": "QA"
  },
  {
    "code": "DXB",
    "city": "Dubai",
    "country": "AE"
  },
  {
    "code": "DUB",
    "city": "Dublin",
    "country": "IE"
  },
  {
    "code": "DUS",
    "city": "Düsseldorf",
    "country": "DE"
  },
  {
    "code": "FLL",
    "city": "Fort Lauderdale FL",
    "country": "US"
  },
  {
    "code": "FRA",
    "city": "Frankfurt",
    "country": "DE"
  },
  {
    "code": "FUK",
    "city": "Fukuoka",
    "country": "JP"
  },
  {
    "code": "CAN",
    "city": "Guangzhou",
    "country": "CN"
  },
  {
    "code": "HGH",
    "city": "Hangzhou",
    "country": "CN"
  },
  {
    "code": "HEL",
    "city": "Helsinki",
    "country": "FI"
  },
  {
    "code": "HKG",
    "city": "Hong Kong",
    "country": "HK"
  },
  {
    "code": "HOU",
    "city": "Houston TX",
    "country": "US"
  },
  {
    "code": "IAH",
    "city": "Houston TX",
    "country": "US"
  },
  {
    "code": "ICN",
    "city": "Incheon",
    "country": "KR"
  },
  {
    "code": "IST",
    "city": "Istanbul",
    "country": "TR"
  },
  {
    "code": "CGK",
    "city": "Jakarta",
    "country": "ID"
  },
  {
    "code": "JED",
    "city": "Jeddah",
    "country": "SA"
  },
  {
    "code": "CJU",
    "city": "Jeju",
    "country": "KR"
  },
  {
    "code": "JNB",
    "city": "Johannesburg",
    "country": "ZA"
  },
  {
    "code": "MCI",
    "city": "Kansas City",
    "country": "US"
  },
  {
    "code": "KUL",
    "city": "Kuala Lumpur",
    "country": "MY"
  },
  {
    "code": "KMG",
    "city": "Kunming",
    "country": "CN"
  },
  {
    "code": "LAS",
    "city": "Las Vegas NV",
    "country": "US"
  },
  {
    "code": "LIS",
    "city": "Lisbon",
    "country": "PT"
  },
  {
    "code": "STN",
    "city": "London",
    "country": "GB"
  },
  {
    "code": "LHR",
    "city": "London",
    "country": "GB"
  },
  {
    "code": "LGW",
    "city": "London",
    "country": "GB"
  },
  {
    "code": "LAX",
    "city": "Los Angeles CA",
    "country": "US"
  },
  {
    "code": "MAD",
    "city": "Madrid",
    "country": "ES"
  },
  {
    "code": "MAN",
    "city": "Manchester",
    "country": "GB"
  },
  {
    "code": "MNL",
    "city": "Manila",
    "country": "PH"
  },
  {
    "code": "MEL",
    "city": "Melbourne",
    "country": "AU"
  },
  {
    "code": "MEX",
    "city": "Mexico City",
    "country": "MX"
  },
  {
    "code": "MIA",
    "city": "Miami FL",
    "country": "US"
  },
  {
    "code": "MXP",
    "city": "Milan",
    "country": "IT"
  },
  {
    "code": "MSP",
    "city": "Minneapolis MN",
    "country": "US"
  },
  {
    "code": "MBJ",
    "city": "Montego Bay",
    "country": "JM"
  },
  {
    "code": "SVO",
    "city": "Moscow",
    "country": "RU"
  },
  {
    "code": "DME",
    "city": "Moscow",
    "country": "RU"
  },
  {
    "code": "BOM",
    "city": "Mumbai",
    "country": "IN"
  },
  {
    "code": "MUC",
    "city": "Munich",
    "country": "DE"
  },
  {
    "code": "BNA",
    "city": "Nashville",
    "country": "US"
  },
  {
    "code": "NAS",
    "city": "Nassau",
    "country": "BS"
  },
  {
    "code": "DEL",
    "city": "New Delhi",
    "country": "IN"
  },
  {
    "code": "JFK",
    "city": "New York NY",
    "country": "US"
  },
  {
    "code": "LGA",
    "city": "New York NY",
    "country": "US"
  },
  {
    "code": "EWR",
    "city": "Newark NJ",
    "country": "US"
  },
  {
    "code": "OAK",
    "city": "Oakland",
    "country": "US"
  },
  {
    "code": "MCO",
    "city": "Orlando FL",
    "country": "US"
  },
  {
    "code": "OSL",
    "city": "Oslo",
    "country": "NO"
  },
  {
    "code": "PMI",
    "city": "Palma De Mallorca",
    "country": "ES"
  },
  {
    "code": "CDG",
    "city": "Paris",
    "country": "FR"
  },
  {
    "code": "ORY",
    "city": "Paris",
    "country": "FR"
  },
  {
    "code": "PHL",
    "city": "Philadelphia PA",
    "country": "US"
  },
  {
    "code": "PHX",
    "city": "Phoenix AZ",
    "country": "US"
  },
  {
    "code": "PDX",
    "city": "Portland",
    "country": "US"
  },
  {
    "code": "PUJ",
    "city": "Punta Cana",
    "country": "DO"
  },
  {
    "code": "RDU",
    "city": "Raleigh/Durham",
    "country": "US"
  },
  {
    "code": "GIG",
    "city": "Rio De Janeiro",
    "country": "BR"
  },
  {
    "code": "RUH",
    "city": "Riyadh",
    "country": "SA"
  },
  {
    "code": "FCO",
    "city": "Rome",
    "country": "IT"
  },
  {
    "code": "SMF",
    "city": "Sacramento",
    "country": "US"
  },
  {
    "code": "SLC",
    "city": "Salt Lake City UT",
    "country": "US"
  },
  {
    "code": "SAN",
    "city": "San Diego CA",
    "country": "US"
  },
  {
    "code": "SFO",
    "city": "San Francisco CA",
    "country": "US"
  },
  {
    "code": "SJU",
    "city": "San Juan",
    "country": "PR"
  },
  {
    "code": "SNA",
    "city": "Santa Ana",
    "country": "US"
  },
  {
    "code": "CTS",
    "city": "Sapporo",
    "country": "JP"
  },
  {
    "code": "SEA",
    "city": "Seattle WA",
    "country": "US"
  },
  {
    "code": "GMP",
    "city": "Seoul",
    "country": "KR"
  },
  {
    "code": "PVG",
    "city": "Shanghai",
    "country": "CN"
  },
  {
    "code": "SHA",
    "city": "Shanghai",
    "country": "CN"
  },
  {
    "code": "SZX",
    "city": "Shenzhen",
    "country": "CN"
  },
  {
    "code": "SIN",
    "city": "Singapore",
    "country": "SG"
  },
  {
    "code": "STL",
    "city": "St Louis",
    "country": "US"
  },
  {
    "code": "ARN",
    "city": "Stockholm",
    "country": "SE"
  },
  {
    "code": "SYD",
    "city": "Sydney",
    "country": "AU"
  },
  {
    "code": "GRU",
    "city": "São Paulo",
    "country": "BR"
  },
  {
    "code": "CGH",
    "city": "São Paulo",
    "country": "BR"
  },
  {
    "code": "TPE",
    "city": "Taipei",
    "country": "TW"
  },
  {
    "code": "TPA",
    "city": "Tampa FL",
    "country": "US"
  },
  {
    "code": "HND",
    "city": "Tokyo",
    "country": "JP"
  },
  {
    "code": "NRT",
    "city": "Tokyo",
    "country": "JP"
  },
  {
    "code": "YYZ",
    "city": "Toronto ON",
    "country": "CA"
  },
  {
    "code": "YVR",
    "city": "Vancouver BC",
    "country": "CA"
  },
  {
    "code": "VIE",
    "city": "Vienna",
    "country": "AT"
  },
  {
    "code": "DCA",
    "city": "Washington DC",
    "country": "US"
  },
  {
    "code": "IAD",
    "city": "Washington DC",
    "country": "US"
  },
  {
    "code": "XMN",
    "city": "Xiamen",
    "country": "CN"
  },
  {
    "code": "ZRH",
    "city": "Zurich",
    "country": "CH"
  }
]
